{"cameraMode":{"drawMode":0,"name":"Shaded","section":"Shading Mode"},"sceneLighting":false,"audioPlay":false,"sceneViewState":{"showFog":true,"showMaterialUpdate":false,"showSkybox":false,"showFlares":true,"showImageEffects":true,"showParticleSystems":true},"in2DMode":false,"pivot":{"x":0.000012278556823730469,"y":0.9520273208618164,"z":-0.006107449531555176},"rotation":{"x":0.026572290807962419,"y":-0.3878760039806366,"z":0.01112605631351471,"w":0.9213446974754334},"size":1.4458216428756714,"orthographic":false}