{"cameraMode":{"drawMode":0,"name":"Shaded","section":"Shading Mode"},"sceneLighting":false,"audioPlay":false,"sceneViewState":{"showFog":true,"showMaterialUpdate":false,"showSkybox":false,"showFlares":true,"showImageEffects":true,"showParticleSystems":true},"in2DMode":false,"pivot":{"x":0.000012278556823730469,"y":0.9454060792922974,"z":0.008848711848258973},"rotation":{"x":0.08430130034685135,"y":-0.31240493059158327,"z":0.027591949328780175,"w":0.9459047913551331},"size":1.4384214878082276,"orthographic":false}