{"cameraMode":{"drawMode":0,"name":"Shaded","section":"Shading Mode"},"sceneLighting":false,"audioPlay":false,"sceneViewState":{"showFog":true,"showMaterialUpdate":false,"showSkybox":false,"showFlares":true,"showImageEffects":true,"showParticleSystems":true},"in2DMode":false,"pivot":{"x":-10.721659660339356,"y":3.350955009460449,"z":135.9677734375},"rotation":{"x":-0.05023632198572159,"y":-0.9497956037521362,"z":0.22069650888442994,"w":-0.21622712910175324},"size":15.535317420959473,"orthographic":false}