{"cameraMode":{"drawMode":0,"name":"Shaded","section":"Shading Mode"},"sceneLighting":false,"audioPlay":false,"sceneViewState":{"showFog":true,"showMaterialUpdate":false,"showSkybox":false,"showFlares":true,"showImageEffects":true,"showParticleSystems":true},"in2DMode":false,"pivot":{"x":618.9844970703125,"y":624.0864868164063,"z":1.3487548828125},"rotation":{"x":0.004809236153960228,"y":0.008364209905266762,"z":-0.00006356631638482213,"w":1.0000001192092896},"size":622.304443359375,"orthographic":false}