{"cameraMode":{"drawMode":0,"name":"Shaded","section":"Shading Mode"},"sceneLighting":false,"audioPlay":false,"sceneViewState":{"showFog":true,"showMaterialUpdate":false,"showSkybox":false,"showFlares":true,"showImageEffects":true,"showParticleSystems":true},"in2DMode":false,"pivot":{"x":555.7144775390625,"y":1710.9833984375,"z":68.997802734375},"rotation":{"x":-0.05428558960556984,"y":0.006038638763129711,"z":-0.00028455923893488944,"w":-0.9985675811767578},"size":503.434326171875,"orthographic":false}