{"cameraMode":{"drawMode":0,"name":"Shaded","section":"Shading Mode"},"sceneLighting":false,"audioPlay":false,"sceneViewState":{"showFog":true,"showMaterialUpdate":false,"showSkybox":false,"showFlares":true,"showImageEffects":true,"showParticleSystems":true},"in2DMode":false,"pivot":{"x":589.8858642578125,"y":845.821044921875,"z":-3.08837890625},"rotation":{"x":0.004809236153960228,"y":0.008364209905266762,"z":-0.00006356631638482213,"w":1.0000001192092896},"size":1076.3619384765625,"orthographic":false}