{"cameraMode":{"drawMode":0,"name":"Shaded","section":"Shading Mode"},"sceneLighting":false,"audioPlay":false,"sceneViewState":{"showFog":true,"showMaterialUpdate":false,"showSkybox":false,"showFlares":true,"showImageEffects":true,"showParticleSystems":true},"in2DMode":false,"pivot":{"x":-6.430087089538574,"y":-2.280363082885742,"z":54.27269744873047},"rotation":{"x":0.13390102982521058,"y":-0.12072756141424179,"z":0.016414158046245576,"w":0.9835250377655029},"size":43.30359649658203,"orthographic":false}