{"cameraMode":{"drawMode":0,"name":"Shaded","section":"Shading Mode"},"sceneLighting":false,"audioPlay":false,"sceneViewState":{"showFog":true,"showMaterialUpdate":false,"showSkybox":false,"showFlares":true,"showImageEffects":true,"showParticleSystems":true},"in2DMode":false,"pivot":{"x":0.010012269020080567,"y":1.116734266281128,"z":-0.2901512682437897},"rotation":{"x":-0.15945766866207124,"y":-0.3263368606567383,"z":0.055999357253313068,"w":-0.9300870299339294},"size":1.452033281326294,"orthographic":false}